ID,Ведомство,Тип,Номер,Название,Алиасы,Ссылка,Обновлено,
7,ВСУ,Бригада,1,"1-я тяжёлая механизированная бригада ВСУ ""Северская""",Северская,,,
9,ВСУ,Бригада,3,3-я отдельная штурмовая бригада ВСУ, 3 ОШБр Азов,,,
10,ВСУ,Бригада,3,3 тяжёлая механизированная «Железная» бригада ВСУ ,Железная,,,
11,ВСУ,Бригада,4,4 тяжелая механизированная бригада ВСУ,,,17.09.2026,
12,ВСУ,Бригада,5,5 тяжелая механизированная бригада ВСУ,5 ОТМБр,,17.09.2026,
13,ВСУ,Бригада,5,5 штурмовая Киевская бригада ВСУ ,Киевская 5 ОШБр,,,
14,ВСУ,Бригада,10,10-я горно-штурмовая бригада «Эдельвейс» ВСУ,10 ОГШБр,,,
15,ВСУ,Бригада,12,12-я механизированная бригада ВСУ,12 ОВМБр,,17.09.2026,
16,ВСУ,Бригада,22,22 механизированная бригада ВСУ Николаевская,22 ОМБр Николаевская,,,
18,ВСУ,Бригада,15,15 артиллерийско-разведывательная бригада ВСУ «Черный лес»,15 ОБрАР Черный лес,,,
19,ВСУ,Бригада,17,17 тяжёлая механизированная Криворожская бригада ВСУ,17 ОТМБр Криворожская,,,
20,ВСУ,Бригада,21,21 механизированная бригада ВСУ,21 ОМБр,,,
21,ВСУ,Бригада,23,23 механизированная бригада ВСУ,23 ОМБр,,,
22,ВСУ,Бригада,24,24 механизированная бригада ВСУ короля Даниила, 24 ОМБр короля Даниила,,,
23,ВСУ,Бригада,25,25 воздушно-десантная Сечеславская бригада ВСУ,25 ОПДБр Сечеславская,,,
24,ВСУ,Бригада,26,26 артиллерийская бригада ВСУ,26 ОАБр,,17.09.2026,
25,ВСУ,Бригада,27,27-я артиллерийская бригада,27 ОАБр,,17.09.2026,
26,ВСУ,Бригада,28,28 механизированная бригада ВСУ рыцарей Зимнего похода, 28 ОМБр рыцарей Зимнего похода,,,"!!!!!!!!!,"
27,ВСУ,Бригада,30,30 механизированная бригада ВСУ ,30 ОМБр,,,
28,ВСУ,Бригада,31,31 механизированная бригада ВСУ,31 ОМБр,,17.09.2026,
29,ВСУ,Бригада,32,32 механизированная Стальная бригада ВСУ,Стальная бригада,,,
30,ВСУ,Бригада,32,32 артиллерийская бригада морской пехоты ВСУ,32 ОАБр,,17.09.2026,
31,ВСУ,Бригада,33,33 механизированная бригада ВСУ,33 ОМБр,,,
32,ВСУ,Бригада,34,34-я отдельная бригада морской пехоты ВСУ,34 обрмп,,17.09.2026,
33,ВСУ,Бригада,35,35 бригада морской пехоты ВСУ,,,,
34,ВСУ,Бригада,36,36 бригада морской пехоты ВСУ,36 ОБрМП,,,
35,ВСУ,Бригада,37,37 бригада морской пехоты ВСУ,37 ОБрМП,,,
36,ВСУ,Бригада,38,38 бригада морской пехоты ВСУ ,38 ОБрМП,,,
37,ВСУ,Бригада,39,39 бригада морской пехоты ВСУ,,https://t.me/c/3718425800/37,,
38,ВСУ,Бригада,40,40 артиллерийская бригада ВСУ,,,17.09.2026,
39,ВСУ,Бригада,40,40 бригада морской пехоты,,,17.09.2026,
40,ВСУ,Бригада,41,41 бригада ВСУ,,,,
43,ВСУ,Бригада,43,43 бригада механизированная ВСУ,43 ОМБР,,,
42,ВСУ,Бригада,43,43 артиллерийская бригада ВСУ ,43 ОАБр,,17.09.2026,
44,ВСУ,Бригада,44,44 артиллерийская бригада ВСУ ,44 ОАБр,,17.09.2026,
45,ВСУ,Бригада,44,44 механизованная бригада ВСУ,44 ОМБр,,17.09.2026,
46,ВСУ,Бригада,45,45 артиллерийская бригада ВСУ,45 ОАБр,,17.09.2026,
47,ВСУ,Бригада,46,46 аэромобильная «Подольская» бригада ВСУ,Подольская,,,
48,ВСУ,Бригада,47,47 механизированная бригада ВСУ Магура ,Магура,,,
49,ВСУ,Бригада,47,47-я отдельная артиллерийская бригада ВСУ,47 ОАБр,https://t.me/c/3718425800/49,2026-09-17 15:56,
50,ВСУ,Бригада,48,48 артиллерийская бригада ВСУ,48 ОАБр,,17.09.2026,
52,ВСУ,Бригада,50,50 артиллерийская бригада ВСУ,50 ОАБр,,17.09.2026,
53,ВСУ,Бригада,53,53 механизированная бригада ВСУ,53 ОМБр,,,
54,ВСУ,Бригада,54,54 механизированная бригада ВСУ,54 ОМБр,,,
55,ВСУ,Бригада,54,54 артиллерийская бригада ВСУ,,,17.09.2026,
56,ВСУ,Бригада,55,55 артиллерийская бригада «Запорожская Сечь» ВСУ, Запорожская Сечь 55 ОАБр,,17.09.2026,
57,ВСУ,Бригада,56,56 мотопехотная бригада «Мариупольская» ВСУ,«Мариупольская» 56 ОМПБр,,,
60,ВСУ,Бригада,58,58 мотопехотная бригада ВСУ ,58 ОМПБр,,,
61,ВСУ,Бригада,59,59-я штурмовая бригада беспилотных систем ВСУ ,,,,
63,ВСУ,Бригада,60,60 механизированная «Ингулецкая» бригада ВСУ,60 ОМБр Ингулецкая,,,
62,ВСУ,Бригада,60,60 артиллерийская бригада ВСУ,,,17.09.2026,
64,ВСУ,Бригада,61,61 механизированная Степная бригада ВСУ,,,,
65,ВСУ,Бригада,63,63 механизированная бригада ВСУ,63 ОМБр,,,
67,ВСУ,Бригада,66,66 механизированная бригада ВСУ,66 ОМБр,,,
68,ВСУ,Бригада,67,67-я механизированная бригада,67 омехбр,https://t.me/c/3718425800/68,17.09.2026,
69,ВСУ,Бригада,68,68 аэромобильная бригада ВСУ ,,,,
70,ВСУ,Бригада,71,71 аэромобильная бригада ВСУ,71 ОАеМБр,,,
71,ВСУ,Бригада,72,72 механизированная бригада ВСУ Чёрных запорожцев,Чёрных запорожцев 72 ОМБр,,,
72,ВСУ,Бригада,77,77-я аэромобильная «Надднепрянская» бригада ВСУ,77 ОАеМБр,https://t.me/c/3718425800/72,,
73,ВСУ,Бригада,78,78 десантно-штурмовая бригада ВСУ,78 ОДШБр,,,
74,ВСУ,Бригада,79,79-я десантно-штурмовая «Таврийская» бригад ВСУ,79 ОДШБр,https://t.me/c/3718425800/74,,
75,ВСУ,Бригада,80,80 десантно-штурмовая бригада ВСУ,80 ОДШБр,,,
76,ВСУ,Бригада,81,81 аэромобильная Слобожанская бригада ВСУ, 81 ОАМБр Слобожанская,,,
77,ВСУ,Бригада,82,82-я десантно-штурмовая «Буковинская» бригада ВСУ,82 ОДШБр,https://t.me/c/3718425800/77,,
78,ВСУ,Бригада,92,92-я штурмовая бригада ВСУ,92 ОШБр,,,
79,ВСУ,Бригада,93,93-я отдельная механизированная бригада «Холодный Яр» ВСУ,Холодный Яр,https://t.me/c/3718425800/79,2026-09-17 13:25,
80,ВСУ,Бригада,95,95 десантно-штурмовая «Полесская» бригада ВСУ,95 ОДШБр,,,
81,ВСУ,Бригада,100,100-я механизированная бригада ВСУ,100 ОМБр,,,
82,ВСУ,Бригада,101,101 бригада ТРО ВСУ,101 ОБрТрО,,,
83,ВСУ,Бригада,101,101-я брига́да охра́ны Генера́льного Шта́ба Украи́ны ВСУ,,,17.09.2026,
84,ВСУ,Бригада,102,102-я бригада ТРО ВСУ,102 ОБрТрО,,,
85,ВСУ,Бригада,103,103 бригада ТРО ВСУ,103 ОБрТрО,,,
86,ВСУ,Бригада,104,104- я бригада ТРО ВСУ,,,,
88,ВСУ,Бригада,106,106 бригада ТРО ВСУ,106 ОБрТрО,,,
89,ВСУ,Бригада,107,107 бригада ТРО ВСУ,107 ОБрТрО,,,
90,ВСУ,Бригада,108,108 бригада ТРО ВСУ,108 ОБрТрО,,,
91,ВСУ,Бригада,109,109-я  бригада ТРО ВСУ,109 ОБрТрО,,,
92,ВСУ,Бригада,110,110-я механизированная бригада ВСУ,110 ОМБр,,,
93,ВСУ,Бригада,111,111 бригада ТРО ВСУ,111 ОБрТрО,,17.09.2026,
94,ВСУ,Бригада,112,112 бригада ТРО ВСУ,112 ОБрТрО,,,
95,ВСУ,Бригада,113,113 бригада ТРО ВСУ,113 ОБрТрО ,,,
96,ВСУ,Бригада,114,114 бригада ТРО ВСУ,114 ОБрТрО,,17.09.2026,
97,ВСУ,Бригада,115,115 механизированная бригада ВСУ,115 ОМБр,,,
98,ВСУ,Бригада,,115 бригада ТРО ВСУ,115 ОБрТрО,,17.09.2026,
99,ВСУ,Бригада,116,116-я механизированная бригада ВСУ,116 ОМБр,,17.09.2026,!!!!!!!
100,ВСУ,Бригада,116,116 бригада ТРО ВСУ,116 ОБрТрО,,17.09.2026,
102,ВСУ,Бригада,117,117 бригада ТРО ВСУ,117 ОБрТРО,,,
101,ВСУ,Бригада,117,117-я тяжёлая механизированная бригада ВСУ,117 ОТМБр,,17.09.2026,
104,ВСУ,Бригада,118,118-я механизированная бригада ВСУ,118 ОМБр,,,
103,ВСУ,Бригада,118,118-я бригада ТРО ВСУ,,,,
105,ВСУ,Бригада,119,119 бригады ТРО ВСУ,ОБрТРО,,,
107,ВСУ,Бригада,121,121- я бригада ТРО ВСУ,,,17.09.2026,
108,ВСУ,Бригада,122,122 бригада ТРО ВСУ,122 ОБрТРО,,17.09.2026,
109,ВСУ,Бригада,123,123-я отдельная БПС ТРО ВСУ,Код Ориона,,,
110,ВСУ,Бригада,125,125-я тяжелая механизированная бригада ВСУ,,,17.09.2026,
111,ВСУ,Бригада,127,127-я тяжелая механизированная «Харьковская» бригада ВСУ,127 ОВМБр,,,
112,ВСУ,Бригада,128,128 механизированная бригада ВСУ «Дикое поле»,128 ОВМБр,,17.09.2026,
114,ВСУ,Бригада,129,129 тяжелая механизированая бригада ВСУ,129 ОВМБр,,,
115,ВСУ,Бригада,141,141 бригада механизированная бригада ВСУ,141 ОМБр,,,
116,ВСУ,Бригада,142,142 бригада механизированная бригада ВСУ ,142 ОМБр,,,
117,ВСУ,Бригада,143,143  механизированная бригада ВСУ,143 ОМБр,,17.09.2026,
118,ВСУ,Бригада,144,144 бригада МП ВСУ, 42 ОБрМП,,,
119,ВСУ,Бригада,147,147 артиллерийская бригада ВСУ,147 ОАБр,,17.09.2026,
120,ВСУ,Бригада,148,148 артиллерийская Житомирская бригада  ,148 ОАБр,https://t.me/c/3718425800/120,,
121,ВСУ,Бригада,151,151 механизированная бригада бригада ВСУ,151 ОМБр,,,
123,ВСУ,Бригада,153,153 механизированная бригада ВСУ,153 ОМБр,,,
124,ВСУ,Бригада,154,154 механизированная бригада ВСУ,154 ОМБр,,,
125,ВСУ,Бригада,155,155 механизированная бригада ВСУ Анны Киевской ,155 ОМБр Анны Киевской,,,
126,ВСУ,Бригада,156,156  механизированная бригада ВСУ,156 ОМБр,,,
127,ВСУ,Бригада,157,157-я механизированная бригада,157 ОМБр,,,
128,ВСУ,Бригада,158,158 механизированная бригада ВСУ,158 ОМБр,,,
129,ВСУ,Бригада,159,159 механизированная бригада ВСУ,159 ОМБр,,,
131,ВСУ,Бригада,260,260 бригада ТРО ВСУ «Хортица» ВСУ,260 ОБрТрО «Хортица»,,,
132,ВСУ,Бригада,406,406 артиллерийская бригада морской пехоты ВСУ,406 оабр,,17.09.2026,
133,ВСУ,Бригада,412,412 бригада БПС «NEMESIS» ВСУ,412 ОБрБпС Немезида,https://t.me/c/3718425800/133,,
134,ВСУ,Бригада,414,414-я бригада БПС МП ВСУ ,"Птахи Мадяра, Мадяр",https://t.me/c/3718425800/134,17.09.2026,
135,ВСУ,Бригада,427,427-я бригада беспилотных систем «Рарог» ВСУ,427 ОБрБпС Рарог,,,
136,ВСУ,Бригада,429,429 бригада БПС Ахиллес ВСУ,429 ОБрБпС,https://t.me/c/3718425800/136,17.09.2026,
137,ВСУ,Бригада,47,47 инженерная бригада ВСУ,47 ОІБр,,17.09.2026,
138,ВСУ,Бригада,9,9 бригада БПС ВСУ ,9 ОБрБпС,https://t.me/c/3718425800/138,17.09.2026,
139,ВСУ,Бригада,20,20 бригада БПС K-2 ВСУ ,20 ОБрБпС,https://t.me/c/3718425800/139,17.09.2026,
140,ВСУ,Бригада,160,160 механизированная бригада ВСУ ,160 ОМБр,https://t.me/c/3718425800/140,,
141,ВСУ,Бригада,411,411 бригада БПС Ястребы  ВСУ,,https://t.me/c/3718425800/141,,
142,ВСУ,Бригада,68,68-я артиллерийская бригада,,https://t.me/c/3718425800/142,2026-09-24 01:22,
143,ВСУ,Бригада,Президентская,Президентская бригада ВСУ,Президентская,https://t.me/c/3718425800/143,,
144,ВСУ,Бригада,ВВСУ,Стрелковая бригада ВВС ВСУ,ВВСУ,https://t.me/c/3718425800/144,,
145,ВСУ,Бригада,29,29-я тяжёлая механизированная бригада ВСУ,,https://t.me/c/3718425800/145,,
146,ВСУ,Бригада,52,52 артиллерийская бригада ВСУ,,,,
147,ВСУ,Бригада,167,167-я механизированная бригада ВСУ,167 ОМБр,https://t.me/c/3718425800/147,,
149,НГУ,Бригада,1,1 бригада НГУ Буревый,1 БрОП Буревый,https://t.me/c/3718425800/149,,
150,НГУ,Бригада,2,2 Галицкая бригада НГУ ,Галичина,https://t.me/c/3718425800/150,,
151,НГУ,Бригада,3,3 бригада оперативного назначения «Спартан»,3 БрОП Спартан,https://t.me/c/3718425800/151,,
152,НГУ,Бригада,4,4 бригада оперативного назначения НГУ,Рубеж 4 БрОН,,,
153,НГУ,Бригада,5,5 бригада Слобожанская бригада «Скиф» НГУ,Скиф,,,
154,НГУ,Бригада,11,11 бригада НГУ,,,,
155,НГУ,Бригада,12,12-я бригада специального назначения«Азов» НГУ,Азов ,,,
156,НГУ,Бригада,13,13 бригада оперативного назначения Хартия НГУ,Хартия,,,
157,НГУ,Бригада,14,14-я бригада оперативного назначения «Красная калина» НГУ,Красная калина,,,
158,НГУ,Бригада,15,15 бригада оперативного назначения Кара-Даг НГУ,Кара-Даг,,,
159,НГУ,Бригада,16,16 артиллерийская бригада НГУ ,16 ОАБр,,,
160,НГУ,Бригада,17,17 бригада Полтавская НГУ,,,,
161,НГУ,Бригада,18,18-я Славянская бригада,18 ОБр,https://t.me/c/3718425800/161,,
162,НГУ,Бригада,20,20 бригада оперативного назначения Любарт НГУ ,Любарт,,,
163,НГУ,Бригада,21,21 бригада охраны общественного порядка НГУ ,21 ОБрОГП,,,
164,НГУ,Бригада,23,23 бригада охраны общественного порядка Хортица НГУ,23 ОБрОГП,,,
165,НГУ,Бригада,25,25 бригада охраны общественного порядка НГУ,25 ОБрОГП,,,
166,НГУ,Бригада,27,27 Печерская бригада НГУ ,группа Лазаря,,,
167,НГУ,Бригада,31,31 бригада НГУ,,,,
168,НГУ,Бригада,7,7 артиллерийская бригада  «Грегит» НГУ,Грегит,https://t.me/c/3718425800/168,2026-09-26 01:58,
169,НГУ,Бригада,8,8 артиллерийская бригада НГУ «Гармаш» НГУ,Гармаш 8 ОАБр,https://t.me/c/3718425800/169,2026-09-26 01:59,
178,МВД,Бригада,Хижак,Сводная стрелковая бригада «Хищник» МВД ,Хижак,https://t.me/c/3718425800/178,,
179,МВД,Бригада,Лють,"Объединенная штурмовая бригада Нацполиции ""Ярость"" МВД",Лють,,,
180,ГПСУ,Бригада,1,1-я пограничная бригада «Гарт» ГПСУ,Гарт,,,
181,ГПСУ,Бригада,3,3-я пограничная бригада «Месть» ГПСУ,Месть Помста,https://t.me/c/3718425800/181,,
182,ГПСУ,Бригада,11,11 пограничная бригада Форпост ГПСУ ,Форпост,,,
183,ГПСУ,Бригада,15,15 бригада Стальная граница ГПСУ,Сталевый кордон,,,
184,ГПСУ,Бригада,4,4-й «Харьковский» пограничный отряд,4 загон,,2026-09-24 01:48,
189,ВСУ,Полк,1,1-й штурмовой полк ВСУ,1 ОШП,,,
190,ВСУ,Полк,23,23-й штурмовой полк «Р.У.Г» ВСУ,РУГ,https://t.me/c/3718425800/190,,
191,ВСУ,Полк,24,24 штурмовой полк ВСУ Айдар  ВСУ,Айдар,,,
192,ВСУ,Полк,33,33-й отдельный штурмовой полк ВСУ,,,,
193,ВСУ,Полк,210,210 штурмовой полк ВСУ Берлинго ВСУ,Берлинго ,,,
195,ВСУ,Полк,225,225-й штурмовой полк ВСУ,,,,
196,ВСУ,Полк,253,253 штурмовой полк «Арей» ВСУ,Арей,,17.09.2026,
197,ВСУ,Полк,425,425 штурмовой полк ВСУ «Скала» ВСУ,Скала,,,
198,ВСУ,Полк,475,475 штурмовой полк ВСУ «CODE 9.2» ВСУ,CODE 9.2,,,
199,ВСУ,Полк,25,25 штурмовой полк «Рысь» ВСУ ,,,,
200,ВСУ,Полк,120,120-й разведывательный полк ВСУ,120 ОРП,https://t.me/c/3718425800/200,2026-09-25 01:38,
205,НГУ,Полк,21,21-й полк беспилотных систем «Лава» НГУ,,,,
206,НГУ,Полк,21,21-й отдельный полк беспилотных систем «Kraken 1654» ВСУ,Кракен,,17.09.2026,
207,ВСУ,Полк,413,413-й полк беспилотных систем «Рейд» ВСУ,Рейд,,17.09.2026,
208,ВСУ,Полк,422,422-й полк беспилотных систем «Luftwaffe» ВСУ,Люфтваффе,,,
209,ВСУ,Полк,425,425-й полк беспилотных систем «Очи» ВСУ,Очи,,,
210,ВСУ,Полк,426,426-й полк беспилотных систем ВСУ,,,,
211,НГУ,Полк,41,41-й полк беспилотных систем «Pilum» НГУ,Пилум,,,
212,ВСУ,Полк,430,430-й полк беспилотных систем «Контур»,Контур,,,
213,ВСУ,Полк,423,423-й полк беспилотных систем «Скифские Грифоны»,Скифские Грифоны,,,
214,ВСУ,Полк,432,432-й отдельный полк беспилотных систем SKYLINE,SKYLINE,,2026-09-25 01:58,
215,ВСУ,Полк,433,433-й полк беспилотных систем,,,,
216,ВСУ,Полк,428,428 полк беспилотных систем «ТЕНЬ»,Тень,,,
217,ВСУ,Полк,420,420-й отдельный полк беспилотных систем «ASTUR»,ASTUR,,,
218,ВСУ,Полк,434,434 полк БПС ВСУ,,https://t.me/c/3718425800/218,2026-09-25 02:13,
219,ВСУ,Полк,8,8-й полк специального назначения ССО ВСУ,ССО,https://t.me/c/3718425800/219,2026-09-22 01:36,
220,ВСУ,Полк,3,3 полк специального назначения ССО ВСУ,ССО,,,
221,ВСУ,Полк,4,4-й полк рейнджеров ССО ВСУ,ССО,,17.09.2026,
222,ВСУ,Полк,6,6-й полк рейнджеров ССО ВСУ,ССО,,2026-09-25 02:16,
230,НГУ,Полк,28,28 Чернобыльский полк НГУ,Чернобыльский,,,
231,НГУ,Полк,29,29-й полк НГУ,,https://t.me/c/3718425800/231,2026-09-29 01:14,
232,НГУ,Полк,31,31-й  полк НГУ,,https://t.me/c/3718425800/232,2026-09-29 01:15,
233,НГУ,Полк,34,34-й Херсонский полк НГУ,Херсонский,https://t.me/c/3718425800/233,2026-09-29 01:16,
234,НГУ,Полк,35,35 Сумской полк НГУ,Сумской,,,
235,НГУ,Полк,36,36 Подольский полк НГУ,Подольский,https://t.me/c/3718425800/235,2026-09-29 01:19,
236,НГУ,Полк,37,37 полк охраны общественного порядка НГУ,,https://t.me/c/3718425800/236,2026-09-29 01:20,
237,НГУ,Полк,38,38 Полесский полк НГУ,,https://t.me/c/3718425800/237,2026-09-29 01:21,
241,НГУ,Полк,Омега,Центр специального назначения НГУ «Омега» НГУ,Омега,https://t.me/c/3718425800/241,2026-09-22 01:38,
245,,Армейский корпус,2,2 Армейский корпус,,,17.09.2026,
246,ВСУ,Армейский корпус,3,3-й армейский корпус,Билецкий,,,
247,,,,7 корпус,,,17.09.2026,
248,,Армейский корпус,8,8 армейский корпус,,,17.09.2026,
252,,Армейский корпус,9,9-й Армейский корпус,,,17.09.2026,
253,,Армейский корпус,10,10 Армейский корпус,,,17.09.2026,
256,,Армейский корпус,14,14 Армейский Корпус,,,17.09.2026,
257,,Армейский корпус,15,15 Армейский корпус,,,17.09.2026,
258,,Армейский корпус,16,16-й армейский корпус,,,17.09.2026,
259,,Армейский корпус,17,17 армейский корпус,,,17.09.2026,
254,ВСУ,Армейский корпус,11,11 армейский корпус ВСУ,,,17.09.2026,
255,ВСУ,Армейский корпус,12,12 армейский корпус ВСУ,,,17.09.2026,
260,ВСУ,Армейский корпус,18,18-й армейский корпус ВСУ,16 АК,https://t.me/c/3718425800/260,2026-09-22 01:41,
266,ВСУ,Батальон,48,48-й разведывательный батальон «Тиха ніч»,Тихая ночь,,17.09.2026,
267,,Батальон,53,53 разведывательный батальон,,,17.09.2026,
268,,Батальон,131,131 разведывательный батальон,,,17.09.2026,
269,,Батальон,152,152 разведывательный батальон,,,17.09.2026,
270,,Батальон,238,238 батальон БПС Черный Сокол,,,,
271,ВСУ,Батальон,237,237-й отдельный батальон беспилотных систем,,https://t.me/c/3718425800/271,2026-09-17 17:34,
272,ВСУ,Батальон,39,39 батальон БПС Ариант ВСУ,Ариант,,,
273,ВСУ,Батальон,431,431 батальон БПС ВСУ,,,,
274,ВСУ,Батальон,214,214 Батальон OPFOR ВСУ,,,,
275,ВСУ,Батальон,91,91-й противотанковый батальон ВСУ,91 ОПтБ Корсар,https://t.me/c/3718425800/275,2026-09-19 02:22,
276,ВСУ,Батальон,22,22-й батальон беспилотных систем «Кратос» ВСУ,22 ОББпС Кратос,https://t.me/c/3718425800/276,2026-09-19 02:39,
277,ВСУ,Батальон,17,17-й центр специального назначения ВСУ,17 ЦСП,https://t.me/c/3718425800/277,2026-09-19 15:31,
278,ВСУ,Батальон,132,132-й разведывательный батальон ВСУ,132 ОРБ,https://t.me/c/3718425800/278,2026-09-23 02:49,
279,ВСУ,Батальон,23,23-й разведывательный батальон ВСУ,23 ОРБ,https://t.me/c/3718425800/279,2026-09-25 02:24,
280,ВСУ,Батальон,419,419 батальон БПС ВСУ,419 ОББпС,https://t.me/c/3718425800/280,2026-09-25 02:32,
281,ВСУ,Батальон,421,421 батальон беспилотных систем «САПСАН» ВСУ,Сапсан,https://t.me/c/3718425800/281,2026-09-26 02:16,
282,ВСУ,Батальон,442,442 батальон беспилотных систем ТРО «Марс» ВСУ,Марс,https://t.me/c/3718425800/282,2026-09-26 02:17,
283,ВСУ,Батальон,25,25-й противотанковый батальон «VINDICTA» ВСУ,VINDICTA,https://t.me/c/3718425800/283,2026-09-22 01:34,
284,ВСУ,Батальон,518,518-й батальон специального назначения  «Дикое поле» ВСУ,Дикое поле 518 ОБСпН,https://t.me/c/3718425800/284,2026-09-27 01:40,
285,ВСУ,Батальон,49,49-й штурмовой батальон «Карпатская Сечь» ВСУ,49 ОШБ Карпатская сечь,https://t.me/c/3718425800/285,2026-09-28 01:01,